,cancerType
samp1_9e48519f_65ef_433a_8161_8a77a655f897_LECA,LECA
samp2_ee4780b4_6580_4d8a_aa74_5b156715f610_LECA,LECA
samp3_a4553973_064f_40ee_b117_71d43129cd62_COCA,COCA
samp4_fa6103cb_1944_4979_8abf_ceb1d83fa62d_LUCA,LUCA
samp5_ed108cc1_3b34_4ee5_b029_48b80ccaae19_BRCA,BRCA
samp6_a91d5fcc_9e0d_4255_a26b_db9d1a6a4ae2_LECA,LECA
samp7_f20a59bb_fd89_4683_b1d4_6bd44c57fdb1_LECA,LECA
samp8_e1cfed22_6157_4030_971a_8a9fa033aa8d_KICA,KICA
samp9_0580e6cb_a508_4f1f_a8cf_f60b96965776_LECA,LECA
samp10_ac0088c3_a75a_4047_b03b_cba3d4362409_LECA,LECA
samp11_c1dfdc09_ba3c_4a1c_b1b1_5738e7d2d90e_LECA,LECA
samp12_ac8fc9ca_ec12_4312_9d2c_13c131632c01_LECA,LECA
samp13_f06c5504_e66a_41e6_b0b6_fa20936288a2_COCA,COCA
samp14_e335d3fe_4eb7_4aec_9ffc_38e31503b907_LUCA,LUCA
samp15_f1543bac_5876_406f_9c2d_9e21399ece17_BRACA,BRACA
samp16_842e2b5b_cdfc_4906_adf6_f8cf615cceca_LECA,LECA
samp17_0e7f5326_458e_4849_822d_b0d4e7684949_LECA,LECA
samp18_7701440f_17b4_47da_a070_d11afd94e9ae_LUCA,LUCA
samp19_4d347bfa_eb25_4e9d_9594_4e1d99545678_COCA,COCA
samp20_db34f284_7978_46fd_8fa4_3330ac51ae09_LECA,LECA
samp21_8a31c02d_a429_4d4e_a461_8024bea95b1a_KICA,KICA
samp22_1aa3827d_497a_4b8b_aab1_d9455b4eab8f_KICA,KICA
samp23_989be8ad_bf70_41f1_90cf_c6ead96968c4_LECA,LECA
samp24_83834ecf_bc98_416a_98c0_824229e6cfe0_BRCA,BRCA
samp25_bdfda54b_870e_43cc_be57_57e2ef932c46_LECA,LECA
samp26_0a1392e8_8795_443d_a8c9_b64f4bbf51d9_LECA,LECA
samp27_954319c6_e46e_4915_a026_5c5b2629183b_BRCA,BRCA
samp28_73559b1e_ad93_432f_a7bb_c3946d4120d4_LUCA,LUCA
samp29_cc72816d_0fda_4b26_95a5_8b6aae24c7d7_LECA,LECA
samp30_1cf381ba_62a0_4139_bf37_ab609eac00f5_LECA,LECA
samp31_98f19a00_fd01_46b1_a75d_f66522ebde2d_BRCA,BRCA
samp32_0909e0c1_eca2_42b8_977d_6ce327ec4c0a_COCA,COCA
samp33_ac25bac6_f3d5_484b_95a9_6789728093e9_LECA,LECA
samp34_977d5f3c_eb12_43f3_bffd_6dc49c78d48d_LECA,LECA
samp35_2804064e_6c91_4300_a2e6_78c3093413e0_LUCA,LUCA
samp36_bf3ea4a0_bcd6_4e9d_acbb_3416f6ce53b7_BRCA,BRCA
samp37_0fdb2f1a_f0d9_4ae6_9de4_98aa7b846330_BRACA,BRACA
samp38_4d54d278_9d82_4681_9b6a_247e79a9a83e_BRCA,BRCA
samp39_ce76e826_0792_4dec_ace7_7efa3bb8db94_BRCA,BRCA
samp40_0f58fea8_4aca_4b82_b908_6b0940843926_LECA,LECA
samp41_152343f6_832e_4077_83d3_1589ef71b472_BRACA,BRACA
samp42_c22c07cb_8215_47e8_9525_074fda8d7d59_COCA,COCA
samp43_fd869326_ee90_4065_81ab_d38a3c0d7d60_LUCA,LUCA
samp44_4884f6f1_0e60_4c60_be89_5cacd0cea337_LUCA,LUCA
samp45_470b6305_67ca_487c_b9b1_9b74f673f9fd_BRCA,BRCA
samp46_b17b2a63_a75e_41d7_b1a8_ff310ef04acb_LECA,LECA
samp47_7edd63ce_c5bb_4209_b8c8_98af0fae03ed_LUCA,LUCA
samp48_644d42a9_2846_4d60_8137_39db43f2854c_KICA,KICA
samp49_2cc2b8a2_fdb9_470d_949e_89decf7c602b_LECA,LECA
samp50_ffe7358d_31b2_4d92_93eb_0a88abaf2dca_COCA,COCA
samp51_4de93c86_ed9b_4cae_8222_35d81b2e7470_LECA,LECA
samp52_b2d143d0_7203_4a87_8d08_ea69b4acff13_LECA,LECA
samp53_bf9bece0_fb79_4722_a830_308cc5403c0f_KICA,KICA
samp54_9369d3f6_e196_49a8_b42c_68a29c637425_KICA,KICA
samp55_bf441bf0_4c74_43d7_a04a_fb91c44a07c4_BRCA,BRCA
samp56_783adea2_f11b_46ca_9cdc_f06823db5afc_BRCA,BRCA
samp57_e2f59b12_ab00_496b_a3a3_66316a804174_LECA,LECA
samp58_62a2cbf8_51be_469b_978c_bdf386e0d651_COCA,COCA
samp59_7999ce36_cdcf_41a8_bde7_6f519e619857_LUCA,LUCA
samp60_aa141d7f_f6eb_4059_95ad_31e5c8123f07_LECA,LECA
samp61_d35e975d_6df4_4876_8ae4_f6bbd6cec0d4_LECA,LECA
samp62_dd6e20c4_6bfd_408d_b4a7_ffac0db6a6c8_BRACA,BRACA
samp63_694ca3d8_9748_4c0f_9021_d599d81a325e_BRCA,BRCA
samp64_6cbfdf8b_fd71_4b6a_b360_1573ee5241a1_BRCA,BRCA
samp65_2e7eb4b8_4f9a_48ff_9d0a_d54af72e50b1_KICA,KICA
samp66_44d18f21_6f49_43a2_929f_38a73efef055_LECA,LECA
samp67_c0ef5bce_a76c_4fe7_99a6_9e3045eedea6_KICA,KICA
samp68_507de54a_b4a5_4778_99fc_2f4f45c6daa0_BRCA,BRCA
samp69_ffeda85e_d195_4340_88ca_6baf3d2830f8_LUCA,LUCA
samp70_bba0e37e_3ec7_45ae_a384_1c02f4648183_LECA,LECA
samp71_a9c8ab7b_d935_4126_9c94_3774d8c83d73_LECA,LECA
samp72_9cc7c8a6_0033_4ac3_a589_a538a66bec86_LECA,LECA
samp73_00518f7a_c88a_40d8_b509_31f0d63a30c1_COCA,COCA
samp74_9e7846a1_76ef_4298_a90c_ef7148f16b7d_COCA,COCA
samp75_6bc61c9c_083e_48b5_84de_0d984d84aab8_LECA,LECA
samp76_ff5bb04c_e6d8_400e_a7a2_131ef721d1ca_LECA,LECA
samp77_272c5ded_ff44_4c38_8461_c9fa8089799b_LUCA,LUCA
samp78_db34e8d7_edf2_4fb2_a261_75cf0a84e506_LUCA,LUCA
samp79_8444e068_9f61_4d8b_b19a_0c6499c2d3e6_BRCA,BRCA
samp80_09813133_2421_425b_858f_d633765b52d8_LUCA,LUCA
samp81_3f924c8c_f1fc_4fcd_9ec5_2b002ff8e677_LECA,LECA
samp82_ea1c3086_5a1b_4cf8_a9b8_521807260a09_LUCA,LUCA
samp83_6078ce1b_f442_45cc_9e0a_1c324964e760_LECA,LECA
samp84_324fbc0f_fd39_43ea_b83f_f41875661383_KICA,KICA
samp85_5559275f_b9c3_40dc_9ea4_2ffbceee9b16_KICA,KICA
samp86_d5388d2a_976f_4f08_80c2_14bbf4ccc753_LUCA,LUCA
samp87_013b7fc2_acfb_4d1b_94dc_07603c377ba7_LECA,LECA
samp88_4822db97_46d7_4302_bef9_63086b777e9c_LUCA,LUCA
samp89_b1361753_6f8c_4038_addb_9e4767ca627c_LUCA,LUCA
samp90_5c5b231f_5f96_4a4e_8020_a48218ec780a_BRACA,BRACA
samp91_9953057c_bee4_4eb7_bbe6_728f56e1a481_KICA,KICA
samp92_277f23e8_6e6f_4f62_a376_c215c415e2d9_BRACA,BRACA
samp93_0b646082_9e64_4fb2_a9c9_e283d4c49852_LUCA,LUCA
samp94_64370d1e_6575_42ea_a00d_e920553ea6c2_BRACA,BRACA
samp95_a648d02c_6819_4d90_ba25_1e5c27956e23_LECA,LECA
samp96_1783266a_bcae_4f80_856c_dafc23b65006_BRCA,BRCA
samp97_53a2122a_c163_4b2f_8c09_961e9268d74e_LECA,LECA
samp98_62440330_5ccd_496a_bcd3_eaf304835ebb_LECA,LECA
samp99_574d0a5f_8cb7_4783_8d5e_b07c1b3460dc_BRCA,BRCA
samp100_19a4c6d6_16ba_4697_8196_36de4ab49812_COCA,COCA
samp101_24edd191_20a1_4887_951a_3f0a753d43f8_BRCA,BRCA
samp102_47ba6bc4_1365_47e1_9bde_ec0b45a66920_LECA,LECA
samp103_313d528b_6f0b_4984_a981_d177b6083f97_LECA,LECA
samp104_b9389390_aa03_406c_957e_2bc264f9468e_COCA,COCA
samp105_52472301_36c6_4c99_97bd_b016d8a282d6_COCA,COCA
samp106_89d75a37_a8e5_4174_9015_1046cbb954a9_LECA,LECA
samp107_ed88a1bd_ab85_4585_95e3_6eff8c004ee3_LECA,LECA
samp108_138a59d3_ccab_4bb2_ae53_c46b1db766a0_LUCA,LUCA
samp109_aa231a79_e3be_4103_8a91_e6c1536db843_LUCA,LUCA
samp110_4d55951e_f537_40c3_86e6_54a1d2c530f8_BRACA,BRACA
samp111_4aae961f_b7eb_4b91_97e9_7b57599e7b59_LECA,LECA
samp112_6029735c_bc41_4a09_8c11_e19435f861d5_LECA,LECA
samp113_f57240f6_a5e4_4a9f_81d7_b59616d865dd_LUCA,LUCA
samp114_54b3ce4b_fd3d_48ec_a745_c74b660daf4b_LECA,LECA
samp115_e30b64b2_4646_4406_8f2a_8805544c0407_BRCA,BRCA
samp116_6ddeafae_5b5f_48f8_a7a8_52e19eb801e8_LUCA,LUCA
samp117_730fe34d_49c7_4bd0_82da_0ebe32992cbb_BRACA,BRACA
samp118_16ff2e77_9bc5_4485_b523_c5fa9eefb399_KICA,KICA
samp119_3692f9df_5b70_4cfb_a504_ed2cb4164ac3_BRCA,BRCA
samp120_4a928f7d_0a1d_461c_9d52_e7c5bab2b518_LECA,LECA
samp121_19f6db33_bd74_44aa_9f00_c31903e88abf_BRACA,BRACA
samp122_0ef46de9_c9e7_42f0_92bf_c17dc2ede102_BRCA,BRCA
samp123_b89f4daf_8caa_4d3e_bb98_e244310087f4_LECA,LECA
samp124_cefdeeb4_6df4_42d9_af9d_b78a6cad1ad1_BRCA,BRCA
samp125_94aadd7b_07b6_43fc_845b_a5a17e5b0f31_LECA,LECA
samp126_cbd82990_a875_4566_823a_d59aa7d02680_LECA,LECA
samp127_7f40dfdd_892f_4dd9_809d_ab6193f252aa_BRACA,BRACA
samp128_5cdd9f6c_c7b7_4885_be45_0bd53047ea82_LECA,LECA
samp129_7a39c113_0e98_413b_ac41_98c1064ac400_LECA,LECA
samp130_ca36df37_bfca_4ee8_bcfd_f83f3671bff9_LECA,LECA
samp131_24d94ee8_c5cb_42ba_bebf_9f019dbb121d_COCA,COCA
samp132_1bee45eb_9303_442d_b901_730fc143e84d_KICA,KICA
samp133_be297c26_df4c_4ae2_a117_a8c6d1cfb421_COCA,COCA
samp134_f1eb1ef7_fe25_4dd8_abed_9d9c298d72fb_LUCA,LUCA
samp135_ecef82f6_3009_4345_a56d_d028535d78fd_LUCA,LUCA
samp136_edc1c496_9837_44a2_8d9d_fb08fde56640_LECA,LECA
samp137_65fd994d_6229_4193_92b3_10eb840e01b2_LECA,LECA
samp138_01661d94_fc16_4456_95cf_a5fa4e1e196c_BRCA,BRCA
samp139_7cb4456f_ceb8_4251_93a5_5e4af32c3809_LUCA,LUCA
samp140_e2a9bef2_1078_466f_ae85_39386b0c7919_KICA,KICA
samp141_25212f64_8017_4b93_b171_10a830558566_LUCA,LUCA
samp142_153398ed_dd74_465f_a665_3c7c9d168fe6_LECA,LECA
samp143_2e8e779b_c790_4cdd_b98a_323adcf8104c_KICA,KICA
samp144_1f036fb3_66db_4460_a5aa_65316830a37a_LECA,LECA
samp145_7164752e_f3af_4ff9_aa7b_a96dc10f58ab_BRACA,BRACA
samp146_3b3239b4_ebb8_43fa_9c04_0b655253bbb5_KICA,KICA
samp147_a5e87e44_1b64_4b2d_b62e_8b8b51a1d46f_LECA,LECA
samp148_c3cdac1c_ec26_4594_b928_815143e5a3dc_LECA,LECA
samp149_1503efd0_88fe_4f51_b9da_a0c26d7857b8_LUCA,LUCA
samp150_fe8376c3_645d_4a3c_838a_32715efcec72_LECA,LECA
samp151_e0f3f77b_9fa3_470e_8900_eda1f429bb0f_BRACA,BRACA
samp152_f2f9478c_ebb5_446c_b023_c2bb98b069c2_KICA,KICA
samp153_74f8dc07_b42e_46a4_954f_a36d7bf664d3_COCA,COCA
samp154_3b93679a_307b_4078_8871_4eb5746931ce_LUCA,LUCA
samp155_13295142_1853_417f_a798_60c41fd90166_BRCA,BRCA
samp156_a199a113_b399_4d23_950d_0bd9a801557c_BRCA,BRCA
samp157_e7298d30_d154_41d1_a962_766996a80c7d_KICA,KICA
samp158_4925248f_21e2_476e_937c_02e0a748c77b_COCA,COCA
samp159_ed41fe8b_fe2e_4bf3_91e3_2cf50ddcbc78_LUCA,LUCA
samp160_866db5e1_5cf4_4a0b_a4e5_4dab20ff98f5_BRACA,BRACA
samp161_55731cdc_3348_4cfd_8bf1_d5a296057110_KICA,KICA
samp162_6a7c74c4_2f92_4ef6_902b_981d96a092b1_LUCA,LUCA
samp163_48bd7cb3_d70d_4a5e_80d8_1da201023b63_LECA,LECA
samp164_f649ebdf_c363_49ee_8cb5_29350cbaadf0_LECA,LECA
samp165_172d51cd_64aa_4489_8f9c_872d4ba8a9c3_LECA,LECA
samp166_5f2a6bc7_0621_465a_a112_7f2be2ce6a51_BRACA,BRACA
samp167_7394e752_6d32_4f9a_b97b_f3c94820e542_KICA,KICA
samp168_136e782c_cfa4_450a_8ed7_55a1d610c12c_BRCA,BRCA
samp169_7d5ef159_fc52_47ba_a598_3f1e0d1856e6_LECA,LECA
samp170_87f2a6f9_ee12_41de_9738_f17a9996354e_LECA,LECA
samp171_565d63df_4b18_41c6_8021_f824a78eced6_LECA,LECA
samp172_2e9bc79f_3864_4ce7_9341_9c17891248dc_LUCA,LUCA
samp173_d61a8ec1_aa99_41c3_8633_018cdb0ccb1a_BRCA,BRCA
samp174_ebab93c4_df4c_4c85_9620_ab1422c97aed_LECA,LECA
samp175_9c20991b_fb37_4984_8b57_2c1fa8112d1a_BRCA,BRCA
samp176_34858726_f369_4da0_95dd_01b7ad78dd6d_LECA,LECA
samp177_7b6bad98_b419_4a98_a1bc_9310f9b6e511_LECA,LECA
samp178_3b236a47_98b2_49f2_8595_fdaa59a38146_KICA,KICA
samp179_8f1213be_da41_4cd6_97b2_f9fce1ea00ff_COCA,COCA
samp180_2276a330_e86b_46e1_be45_ae41d217ef66_LUCA,LUCA
samp181_7dab0af8_ab64_4014_b7b7_bf0df59a1b3a_COCA,COCA
samp182_d5828564_85c7_4730_b5a2_646b775e7200_BRCA,BRCA
samp183_966b8ebe_7c9b_4241_a0f0_6916994dacc4_LECA,LECA
samp184_cadf5f9c_799c_4ca0_bbd5_3a2fad2cefd3_LECA,LECA
samp185_337d8f1f_6771_4bab_aed2_e48ccbde766a_KICA,KICA
samp186_145db6c5_f7ad_4e2f_88f1_d68bc457848a_LUCA,LUCA
samp187_6fa6b2d5_33bd_4bfb_8f45_3969b64c36ee_KICA,KICA
samp188_8a1eac98_1206_4d95_8466_4b842b5d6060_KICA,KICA
samp189_0cfccd17_0acd_48fb_8c0d_a06960e62ab4_LUCA,LUCA
samp190_f9698bdc_4af4_4ad9_9df7_f3e7a9f94c67_LECA,LECA
samp191_f995acfb_82fc_47ae_bba9_de699337ee15_KICA,KICA
samp192_ebf8d429_0437_4987_9bca_89e62910f168_LUCA,LUCA
samp193_91cffd1e_c578_4714_949a_9dcc0d0ea45f_LECA,LECA
samp194_156763d2_c3a6_4a0e_af4d_67c1ade9d043_LECA,LECA
samp195_a739e3ff_f172_4f9c_94b6_b9fcc4458627_BRCA,BRCA
samp196_3d11905a_16eb_40b2_a36b_e37dca6359d3_LUCA,LUCA
samp197_eb5ad680_6080_41fe_982e_e46f90c3849f_COCA,COCA
samp198_65b27bca_a10f_45d6_abeb_713c533d9f3d_LECA,LECA
samp199_a8084546_1aa8_4383_805b_684f19cd2625_LUCA,LUCA
samp200_83727155_3856_445b_bbab_7c785991c831_LECA,LECA
samp201_4c1cd8e1_befd_4323_9955_947fb79523a6_BRCA,BRCA
samp202_8515ebe1_96ca_4059_af75_dbd9e65611ac_LECA,LECA
samp203_94fcef8a_8f11_4fa2_9517_46eecc8797a9_LECA,LECA
samp204_0245dddc_1b8b_499e_bb1f_3e4fdcc92ed9_LUCA,LUCA
samp205_cba52f4f_eb3a_4475_8735_d5c9fd355b3d_BRACA,BRACA
samp206_3170b396_15d0_4287_80e0_85416c94eba4_BRCA,BRCA
samp207_71f1ff12_314a_462e_abc2_c09d4dd0ad62_LECA,LECA
samp208_eedd5d50_066a_41d4_a0ba_4348ea680bf2_KICA,KICA
samp209_b6689457_11c5_4930_b8f6_ebb578c36478_BRCA,BRCA
samp210_61ad862c_0bd2_4fcd_a9e1_f42e8099bd81_BRCA,BRCA
samp211_907aa04c_a817_49c6_9a7e_15b90bc2a2ea_KICA,KICA
samp212_d05914c2_e76a_4050_b0bf_db3a08c1892e_BRCA,BRCA
samp213_bc7450b0_862c_4591_93a2_ce593f100342_LECA,LECA
samp214_8dc8ccd2_a842_4a48_a8db_007855733fc0_LUCA,LUCA
samp215_b64598e5_b8fc_4de1_8c6d_7418e867f0d3_BRACA,BRACA
samp216_343f6d02_ddad_4775_96e8_a9cb223260bb_KICA,KICA
samp217_05b0287c_095f_4cf1_a817_9f16abdda5c7_BRCA,BRCA
samp218_c174e0ae_4b0a_4170_9122_b7da8ec61eac_COCA,COCA
samp219_2db5e0aa_342e_4766_8725_c1d677fd52b2_BRCA,BRCA
samp220_08a14e13_810a_4862_9de9_16b4fea25625_BRCA,BRCA
samp221_e25887be_64fe_4e7c_983b_4fbdec52c4b7_LUCA,LUCA
samp222_f252ddab_840c_4077_a359_9c050d3b5717_LECA,LECA
samp223_bdba14fb_88aa_43b0_8c25_53948b9935b7_BRCA,BRCA
samp224_aeee03c3_20b3_4f96_b686_52111ce99a63_BRCA,BRCA
samp225_39add5a1_bb5f_4285_8edb_09ef479be777_LECA,LECA
samp226_dd4c3aa6_090c_4e99_9d76_dba1201050fd_LUCA,LUCA
samp227_1e7abb00_ed2c_4533_9ead_bae78530cf08_KICA,KICA
samp228_a1e0ebc8_8193_471f_a4ca_d319c8f13811_LUCA,LUCA
samp229_882d1be3_1f82_41e7_8538_1ef513efef32_LUCA,LUCA
samp230_ec38731b_1bdd_43ed_94b9_a7b5ac5d8654_LECA,LECA
samp231_7cb25ac3_7016_456d_aaee_b054ad23f683_LECA,LECA
samp232_dc163db0_fcfc_4290_bd35_68f013a3bb39_LECA,LECA
samp233_cb8201f3_e945_4391_a8c6_60bf97410e58_LECA,LECA
samp234_65575a51_6350_4bf5_96b8_ca2062fbf511_LUCA,LUCA
samp235_a812e681_4bf9_41bd_80cc_74db6be37b03_LECA,LECA
samp236_ed0341d8_ee8e_4c97_aebc_acd6a8671f62_KICA,KICA
samp237_996d8c98_529a_4438_9db5_d49ff575af45_COCA,COCA
samp238_62298f43_7f8b_430e_9a23_0ee0ffbc1162_BRCA,BRCA
samp239_a5185f94_5e27_4254_9d09_40326ea423dd_LECA,LECA
samp240_52a6ea12_9c21_4fab_9346_8d74973198d6_LECA,LECA
samp241_6c3b2db1_8a86_422f_8567_1328345be457_LUCA,LUCA
samp242_787b1725_649c_4820_bb18_19b4d58ae486_LECA,LECA
samp243_9eb69ff7_492b_4ed3_8762_c25c3dffa1fe_BRCA,BRCA
samp244_13e904db_be4f_4a53_9741_a5187f4d3dcf_KICA,KICA
samp245_4d33ae3d_d6e6_47cd_bb5d_52134a7bcf8d_COCA,COCA
samp246_95ce8ec3_d07a_40b1_9787_39f1cdf18bf2_BRCA,BRCA
samp247_e238e3a1_0301_4e93_9082_4422519763b6_KICA,KICA
samp248_f33f4c0e_f6a3_4029_a49b_25f90b1fd551_BRCA,BRCA
samp249_fee1f175_a5ea_49bc_b7d8_e42194d87e49_LECA,LECA
samp250_208ff668_65ce_4d33_9882_4a7398ead4ac_BRACA,BRACA
samp251_8c2873db_5e99_4c10_81f9_3100d95aeff9_KICA,KICA
samp252_9a02b219_fcfe_437b_a579_5a6d51b0d0cd_LECA,LECA
samp253_62a23bb9_be3e_4e5b_8faf_ece06c60a4d9_BRACA,BRACA
samp254_a7042cff_ea90_4c53_beeb_ac074f4e43a4_KICA,KICA
samp255_95c756bf_1126_4981_8790_a6c8073176e7_KICA,KICA
samp256_8c63008b_4b01_40c1_9cde_3f4385b99380_KICA,KICA
samp257_3820e03c_19d9_4145_a422_06a98c58e1f4_LECA,LECA
samp258_32242f4e_5303_49a5_8071_f0bfabef4ae6_LECA,LECA
samp259_8e1afc55_fa77_493c_ba9c_05b2eb1157fd_LUCA,LUCA
samp260_a54d2e0d_7a4f_4732_bb18_6860b0d7737f_KICA,KICA
samp261_0223cc1f_e3e5_4909_bbe8_6a73444d01e5_KICA,KICA
samp262_3f1efee5_4d26_498e_b28d_1a4a4d5a35e5_COCA,COCA
samp263_3cd7007b_5825_4668_8da1_36638e830fd9_LECA,LECA
samp264_715bd371_4f22_4f97_a9df_ebaf34715a1e_BRACA,BRACA
samp265_66b4502b_d393_4664_a317_430ec1ad4b3b_COCA,COCA
samp266_ad8ee68b_d513_4110_828d_cd26f9d16bcf_LECA,LECA
samp267_8b0bdebf_7292_4b66_bcf2_fcb0a06c24e3_BRCA,BRCA
samp268_6d5f3dca_a2bc_4896_8e8d_e225b3ca63d9_LECA,LECA
samp269_97003bc1_47d4_41b5_b887_625d60d2ca6e_LECA,LECA
samp270_734bdfa0_5c38_4518_8e70_cd50ec6f8c92_BRCA,BRCA
samp271_5028f9f0_d9ff_4439_9084_fee423ad4ca7_BRCA,BRCA
samp272_b5c2ff6a_03fa_4a1f_8c51_5e121ec5a367_LECA,LECA
samp273_c436d15e_0fbf_47ee_9859_7b2fb11748c3_LECA,LECA
samp274_76373be4_82d0_4754_966e_f6076412383a_KICA,KICA
samp275_752a0ad0_958f_48aa_87b9_a77fd9db52fb_KICA,KICA
samp276_3953b63a_1a63_4e97_b683_ae905b55e03e_LUCA,LUCA
samp277_4c7083b3_eccc_4d80_a31d_6fd3cd0222b4_COCA,COCA
samp278_60265229_965f_4554_8f08_2e7128781065_LECA,LECA
samp279_18532dfb_6d6a_4958_9f32_5d1b475d9dff_KICA,KICA
samp280_f350787b_2d2d_4baa_b6a9_981ee5f52045_LECA,LECA
samp281_c4ffc907_8632_494f_8030_0dcc74af3d9c_BRCA,BRCA
samp282_2c656e08_c935_4ed7_bdd8_253e201a1f3a_LECA,LECA
samp283_e77d551e_ab05_4701_a52a_b4f0bf817b1a_LECA,LECA
samp284_bd1b939d_a361_448b_90c5_da43fd3a5f0c_LECA,LECA
samp285_d1ddfa24_312e_438e_8caa_dea5ebc867f6_BRACA,BRACA
samp286_5abd486a_6aed_4dcf_a2a2_2537af6cdd9c_COCA,COCA
samp287_c870a971_0810_4e3e_9b8c_660fdb5eb422_KICA,KICA
samp288_8dd4883b_bd9e_4ca3_aa63_6d398c4740bd_LECA,LECA
samp289_76152526_c671_4a5d_8f4b_41910144e2c3_LECA,LECA
samp290_6945244c_6fe3_4ad1_8dc0_beb7e2806132_LECA,LECA
samp291_ddf2a134_72f0_4394_99d0_a3448c7e131a_BRACA,BRACA
samp292_fed54b8e_a654_40df_98be_53f29c7fd3c9_LECA,LECA
samp293_e8c97501_d59d_43c8_8b2b_6bb31635e929_KICA,KICA
samp294_64499b79_1354_4277_9142_40f388fa6e92_LUCA,LUCA
samp295_09955b8c_efb3_4530_82eb_d9fe57e8564d_KICA,KICA
samp296_7bfe8d8a_61bf_4ee7_9749_209858e74b5f_COCA,COCA
samp297_42d2af38_a0d8_4b15_8e84_8cb8d380a9a0_LECA,LECA
samp298_9c802194_6928_44e1_b62d_20f1b61caea5_BRCA,BRCA
samp299_7453be05_5783_4069_b77e_d7954ff26930_LECA,LECA
samp300_b9bfdf3b_d23e_433b_892f_1b61e24abdfa_BRCA,BRCA
samp301_772dcecf_b53d_42e2_8161_f48030150aa0_LUCA,LUCA
samp302_43cbaaa5_5fe3_4e36_9283_522ab032e089_LECA,LECA
samp303_db6b5625_c6d0_4c34_844d_bd534e2b78fe_KICA,KICA
samp304_8ce6ef7b_7833_4994_a51b_ec59ddcab93d_LECA,LECA
samp305_adc5d3b6_e636_43ac_81a9_55b22e45228e_LECA,LECA
samp306_134721fc_81be_445c_8c70_9899fdee6e06_LECA,LECA
samp307_7bd0a15f_202f_44c4_8947_8ba06fa2e9a2_BRACA,BRACA
samp308_ad2fedf5_98dc_4efb_9550_5c038443841f_LECA,LECA
samp309_e923c7e0_2e7d_4db2_96ed_af3a3080b8bd_LUCA,LUCA
samp310_9fadf229_c49f_4b92_ae15_7c0c61e8e593_KICA,KICA
samp311_549dc2f0_a1eb_48e8_a2ec_0358aed81054_KICA,KICA
samp312_b0c81966_4fbe_4da1_8b34_136b2de095c5_LUCA,LUCA
samp313_9e7cb048_8476_4a25_b61c_9f7f8d490571_LUCA,LUCA
samp314_efc1eb3b_e32e_48bb_a2ae_c1542eae5252_LUCA,LUCA
samp315_4e7ec7e9_0e90_4646_9fb8_85745723028d_LECA,LECA
samp316_f2ef991f_dad0_4f81_9f46_e6c59594f178_LUCA,LUCA
samp317_dd262648_2f73_4b4f_aac5_5a2c5f2c6dc5_BRACA,BRACA
samp318_1eb9bd2a_9d0d_4dd6_8e91_8eca788861d1_LUCA,LUCA
samp319_069cb769_11bd_4f16_94e1_8ecd566dbaec_LUCA,LUCA
samp320_5f173a3c_89f0_41c9_bbd8_5256a0489d4e_BRCA,BRCA
samp321_65b4f81a_4439_4d82_ae25_68d63309b053_BRCA,BRCA
samp322_799a8267_3df9_48fe_a2fa_e9f7cd19f283_LECA,LECA
samp323_b8e7ec32_44fc_4b0e_a030_ac6e42349666_LECA,LECA
samp324_996bd4b6_e9a9_475c_8794_be2082131a9f_LUCA,LUCA
samp325_db8eecfa_4ab7_44b2_897a_fce79f4bed5a_LECA,LECA
samp326_a9a46a89_eb11_4341_aac8_493699d4f03b_LECA,LECA
samp327_e6864165_a8d3_4089_af3d_4c4aba5db0aa_BRACA,BRACA
samp328_7b98baf4_720e_4713_9527_eab606f27177_LECA,LECA
samp329_a455fca4_feff_453a_8b7d_3d09b40bd542_LECA,LECA
samp330_7d7115b3_d2fb_4c28_9198_45d80019a776_LECA,LECA
samp331_b6ee88b3_46d3_4ec6_b97c_3ca98e3c0f56_COCA,COCA
samp332_79340ce9_2e4f_47c3_8ab6_83b3bf03cf06_LECA,LECA
samp333_ee82b705_e117_46ba_81eb_bad429c3f9ce_COCA,COCA
samp334_e0819bee_5642_4297_b6bb_70e41d54ee8c_LUCA,LUCA
samp335_8dbdbb8d_cb43_42b3_a653_e8575a22daf5_LUCA,LUCA
samp336_9cdfbc8a_c640_4e27_922c_053bc7fce262_BRACA,BRACA
samp337_dd20ba28_9db9_4c5f_8be9_4b419cee47a5_LECA,LECA
samp338_e2f47d3a_0e1a_47cb_a53f_697e2a3cb89b_LUCA,LUCA
samp339_391c24a7_6990_4b15_8a42_7de60580169d_LECA,LECA
samp340_98967392_eeb4_4c7f_8578_1faf0e5dc3d6_KICA,KICA
samp341_57d89d75_a9bb_4bd3_af76_d29def9a9625_LUCA,LUCA
samp342_6183a6eb_8d7f_44e9_8e59_5e74ddb7426c_LUCA,LUCA
samp343_f053a1a1_718a_46bd_a761_8ed3511aeb57_BRACA,BRACA
samp344_f20e5b5d_c132_46dd_906f_c46c5c2e6a34_BRACA,BRACA
samp345_c56a5910_5ae3_434a_9093_a4b264a644fd_KICA,KICA
samp346_2668105e_1ead_4371_b4dd_c841fa808d1c_KICA,KICA
samp347_1e0f16e6_de1c_4d1e_b1f6_5fabbea1591b_COCA,COCA
samp348_ed00fd94_9534_4bde_bf77_6f40ecbd4caa_KICA,KICA
samp349_9746b4ef_e389_4285_88ba_4cb73025a8b6_LECA,LECA
samp350_9f938aa7_9fc1_4893_aee4_15ab668b9260_LUCA,LUCA
samp351_3cbd44fd_f777_401c_99be_1d859cf08bdf_COCA,COCA
samp352_fdc57820_1370_4386_af1b_35dc4ed7f2d7_LUCA,LUCA
samp353_0d648d20_6546_4e9c_aaa3_78051c767b6a_KICA,KICA
samp354_c5d4a1ed_8fd3_4435_96f5_ea5e56326f20_BRCA,BRCA
samp355_4b05fe2e_87b4_4a0e_9d8f_bca88c29b58e_BRACA,BRACA
samp356_ac2a086f_42cf_47d4_949f_779824f11235_COCA,COCA
samp357_9ef49b51_d94a_48cd_9082_c9e9a547ef5e_LECA,LECA
samp358_e3694897_006d_4ec8_8685_25150040ad62_LECA,LECA
samp359_101ede6d_8b2d_4d60_86ba_dcae30da5158_LECA,LECA
samp360_f383e1a0_2847_49e0_bede_abe5ce5147ce_BRCA,BRCA
samp361_d58fe5dc_9a75_42e7_94af_2ab20a21dab1_LUCA,LUCA
samp362_328c49e1_51fa_48ac_beb4_8a35b7a0fa10_KICA,KICA
samp363_735ebe28_664d_4dc5_8d86_1e405e0f0756_LUCA,LUCA
samp364_baf70b5d_6ab4_4c34_af36_e09b9bd0f372_LUCA,LUCA
samp365_905aab99_b8f4_4769_a3eb_4b5d570fffaf_BRACA,BRACA
samp366_09b91534_5759_4000_9795_21b8cc1bbe8f_LECA,LECA
samp367_71809317_f775_4faa_b1c6_40bae85c69aa_LUCA,LUCA
samp368_17bf739e_0ece_40a2_aa9d_4d0001ba15f7_LECA,LECA
samp369_a6a841ae_f63f_45ab_9a17_2288e12a9577_LUCA,LUCA
samp370_c009471c_54a8_4aa9_bfa0_13ef040acfcc_LECA,LECA
samp371_6abcbd13_ff11_46d6_9ce0_6204a6658c39_KICA,KICA
samp372_67fc0674_3f48_41ec_a650_7efaa41607fa_LUCA,LUCA
samp373_30a6ea89_8eda_47cf_b336_e070fcd08740_LUCA,LUCA
samp374_eaaacefc_a798_4b6e_8471_0fde96a80bb9_LUCA,LUCA
samp375_41d6f903_5ac4_4481_aed9_fd141c7be021_BRCA,BRCA
samp376_814e81ff_bb80_4c3c_bd94_d86c89de9a36_BRACA,BRACA
samp377_e757eecd_aca5_42d0_9283_e5274f5c5469_LECA,LECA
samp378_56bfe1f6_369f_48a4_8cce_b3b392e29390_COCA,COCA
samp379_0c73a12d_b6a0_4ee0_9364_6744964e3526_LUCA,LUCA
samp380_9d1bf404_3896_4532_b9bc_d91f7cbc1e00_BRCA,BRCA
samp381_edd717ea_7ff4_43a8_b21d_cb9e5070838a_LECA,LECA
samp382_ad502a9c_1f1a_4118_a8f9_2cffb9b0c610_BRCA,BRCA
samp383_190e1754_70f8_40f7_9837_3b37a27439af_LECA,LECA
samp384_022396e9_30da_4818_8706_61b721f1bfa6_KICA,KICA
samp385_56050b40_0992_41bb_bf05_f4cab2541940_BRACA,BRACA
samp386_c89340e2_3cd2_4e0d_958a_f8ccc2ce12bc_LECA,LECA
samp387_af606e0b_b19b_4c8d_9cf5_6a195978466e_COCA,COCA
samp388_20af5f64_f766_4930_bb97_b337847c8244_BRACA,BRACA
samp389_866bf9d4_d497_453d_a829_663b7c50c27e_LECA,LECA
samp390_170888ac_1f76_472c_b3e2_12b9ea133019_LUCA,LUCA
samp391_ac754707_2aec_42ac_b372_abfe1e7fe112_LECA,LECA
samp392_2d90a554_acb6_4f2e_991d_bb037a45e5de_LECA,LECA
samp393_b2bcfd01_9662_4730_96de_1e51b4038802_BRCA,BRCA
samp394_d6787fba_8e4d_4e83_bd18_6d028d7b3a5a_LECA,LECA
samp395_fa405457_47b2_495c_9f94_7cc4c11b9cd1_LECA,LECA
samp396_e6037dc0_d2a6_47c4_86f3_98ae6a2890a2_LUCA,LUCA
samp397_bae16dbd_3b44_4eeb_9b09_4ebe70a91989_LECA,LECA
samp398_92fb16b7_bab1_4fd9_8f04_b41b4b74403c_LECA,LECA
samp399_7b689e1f_2e6a_441e_8e92_fa5e4f06e641_LECA,LECA
samp400_46dda4fc_c044_429a_9be0_541757af412f_BRACA,BRACA
samp401_30dd9f83_71aa_4149_8660_97cf11c7b2d6_LECA,LECA
samp402_f34c57ee_92a6_4e3b_acde_7fd631c42f87_COCA,COCA
samp403_4f586d4d_f4d4_4aba_9e48_0dcf3e9b0e6e_LECA,LECA
samp404_ac1028f4_f9fa_4bf3_9545_4d75d1761527_LUCA,LUCA
samp405_c1ee1340_3723_4edc_a2a5_904b503a7e19_KICA,KICA
samp406_f258fc7d_a58b_4e40_827a_d1de0ccd426f_BRCA,BRCA
samp407_e3142cf7_334f_4f34_a5da_53ffa4e1ba33_BRCA,BRCA
samp408_8e061784_782d_4c3e_a67c_8eacced28b1f_LUCA,LUCA
samp409_35aba04f_0479_45f8_b921_25a049ea6621_LECA,LECA
samp410_c9496c77_cfbf_42db_a862_af0b878b9852_BRCA,BRCA
samp411_b3c9ca27_6b77_4abd_92d5_45d48d34ba42_LUCA,LUCA
samp412_c130bbcb_8e96_4c21_982d_4bbdca2516e3_BRCA,BRCA
samp413_d9935be8_da1b_4a18_9d5d_215d709147f1_COCA,COCA
samp414_9f6f2003_f5a4_4a4d_956e_e0466163e84a_LECA,LECA
samp415_87a06489_4b88_4fe1_8896_0cf7d23a901a_LUCA,LUCA
samp416_2ed91002_739e_4276_9b56_b6d98db2fe1c_LECA,LECA
samp417_5264a2a0_313f_4ce5_ad0c_33f91c38ccd3_LECA,LECA
samp418_3f5e42a8_7295_4a29_9bca_771a361324ab_BRACA,BRACA
samp419_525e9185_ed15_403d_8987_93c50e4b89a1_LUCA,LUCA
samp420_96ec5d49_0218_48ad_9e63_ac2e408d2d32_LUCA,LUCA
samp421_f3df8eaf_1fd2_4e08_ad48_ce5aa1d64e19_LUCA,LUCA
samp422_35859f0f_3c07_4129_a8ac_913804546f38_KICA,KICA
samp423_b9c85326_7392_4f42_bd51_588b73379538_LECA,LECA
samp424_526e2e75_cc0e_4c03_916c_908fbc271854_COCA,COCA
samp425_5bd48e89_322d_4821_afdf_235592c28909_KICA,KICA
samp426_a8b071ea_9579_42f0_965a_abda89dd9b60_LECA,LECA
samp427_f13d5df0_7293_4453_942f_2b49a3d33057_BRCA,BRCA
samp428_51c1d5cd_c606_4594_ba26_253080d6c3d4_LECA,LECA
samp429_63298f81_bff3_4f19_ab0b_e794f3810309_LECA,LECA
samp430_3a78e999_4a79_4320_8e87_81dfa104be0c_LUCA,LUCA
samp431_4d0f380b_8a26_4708_afee_4b4c821b3809_KICA,KICA
samp432_dae15053_10f3_44a3_81b3_b2c902cea2ba_KICA,KICA
samp433_4551fe9f_b4ff_4556_a2ae_bd7234a979ba_KICA,KICA
samp434_d0b02f2e_ff79_430c_80f7_6156860e6780_COCA,COCA
samp435_4061f0f7_b4f7_4fdc_86ab_ee2a4b062581_LECA,LECA
samp436_790ea932_848f_40cf_ab94_673eea700aa2_BRCA,BRCA
samp437_525cd8ab_7d05_421e_8709_777c4c107327_LECA,LECA
samp438_2beab6d3_563d_421f_bf4a_7e1f843ec637_LUCA,LUCA
samp439_fff3f42f_5e42_4653_b91b_1676f914e9fa_BRCA,BRCA
samp440_8b816257_7aee_40a4_a318_57d4c72571b6_BRCA,BRCA
samp441_a8af336b_5bef_4ada_8500_3f6e07fd802f_LECA,LECA
samp442_cbdf1edd_a8c9_4fc8_88ee_928f01abae34_LUCA,LUCA
samp443_de7c355c_3a18_45e4_84b5_95dcaed850bc_LECA,LECA
samp444_c18f4327_5472_453c_98a3_3d60d4f1ceac_LECA,LECA
samp445_d336faaf_9dfd_4357_85ac_f449987073af_BRACA,BRACA
samp446_33aef1a5_fb70_4341_a24c_5e9702ecc3a1_LECA,LECA
samp447_99dfafce_1104_4809_8cc8_d6293b4835a7_LECA,LECA
samp448_e3333f09_709a_4c43_b2a0_cd12b824813c_LECA,LECA
samp449_c7b3d94d_9e9e_47d3_90e7_fc86ef5d5975_LUCA,LUCA
samp450_1e968122_090b_449d_aec2_0decee4d5e2c_LECA,LECA
samp451_06c83065_5800_451a_84a7_7a7f352493ec_LUCA,LUCA
samp452_d9a0e52e_bc94_4c35_a1e8_8fff7c68ee33_LUCA,LUCA
samp453_972213d7_680c_45ab_b63c_35ceeab40471_LECA,LECA
samp454_710a199c_93a1_463b_8f09_8cba6f15eb77_LUCA,LUCA
samp455_a37d7ef3_0840_4114_acec_ce9e29bb54e9_BRCA,BRCA
samp456_fb3d16e9_fd7c_4f3b_9e4e_6bf68a712d43_KICA,KICA
samp457_c58c72c3_3152_461a_b55a_9bcccc0b71f4_COCA,COCA
samp458_0e81317e_c7a0_4649_8c73_1493a7eb8989_LECA,LECA
samp459_56b5f24c_6220_48ad_afd3_f39022855f6c_LECA,LECA
samp460_b72689a1_2c14_49db_b489_f1627353a024_BRCA,BRCA
samp461_ba0570bd_508d_4b93_b147_365af6a86241_BRCA,BRCA
samp462_7437ff54_52c5_4ea7_87f2_d97c9a608657_LUCA,LUCA
samp463_47e1b07e_5e7c_4285_a6ec_93a148e5a99f_LECA,LECA
samp464_1c7a47d7_0749_473e_b901_6e87f9502d5f_LECA,LECA
samp465_6f046aa6_a990_494f_bd7d_b8716635cc55_LECA,LECA
samp466_32d02e40_6fa4_427c_86aa_c188ec4f862e_BRCA,BRCA
samp467_bb681d39_78be_4691_8147_838c0f6a0b85_LECA,LECA
samp468_c93e41f3_3a23_4757_af8c_af11fab60b52_BRACA,BRACA
samp469_56333f7d_368d_4ac5_947c_57f46fde33d6_KICA,KICA
samp470_9e504ab4_85a0_465d_be52_0c28ed83e5f8_LUCA,LUCA
samp471_fa29cad7_cac6_4d06_ac72_d46ced60303e_BRCA,BRCA
samp472_44df0b54_867f_4aef_8769_5d3fa8887b94_BRCA,BRCA
samp473_d32c4662_2b0b_4f78_b031_e6ff5286664c_BRCA,BRCA
samp474_2a6068c6_1273_4969_8339_96843a5b64b4_LECA,LECA
samp475_6203ff36_3658_44d1_a4f8_392ba7f1199f_LECA,LECA
samp476_f27ef86d_34e9_48e6_afca_7818163f483e_LECA,LECA
samp477_83f93d3f_d038_4773_a671_0f218f53821c_BRCA,BRCA
samp478_6f6a87ce_1eb5_4c79_939a_2b207321bb3d_COCA,COCA
samp479_4868e8fc_e045_475a_a81d_ef43eabb7066_KICA,KICA
samp480_34bc99d9_87dc_49ab_87f3_0a110de02f08_LECA,LECA
samp481_98f3d2d7_edc4_40aa_b09a_63f8abd2b528_BRCA,BRCA
samp482_e727eac4_b5cb_45f4_9410_e8a1fdc20007_LECA,LECA
samp483_02ac1b66_644a_4db8_ad4c_105d830cb51f_LECA,LECA
samp484_1cb15aef_b8b2_4cbd_bd99_2e0c6df9d6e1_LUCA,LUCA
samp485_44c491c6_023b_4687_9caf_c750f1efa9a8_LECA,LECA
samp486_7b4a07f9_f648_4c84_ac57_f742456352b7_LUCA,LUCA
samp487_c93e78f6_1c35_4139_a6b4_c29c229c8b68_BRCA,BRCA
samp488_e6b6dada_24d1_4020_b5c0_3824670d079e_BRCA,BRCA
samp489_9e9c0738_1c02_47e6_a1ff_d3745ed7b619_LECA,LECA
samp490_382d5298_8c0d_40bf_9391_b962f037c04a_BRACA,BRACA
samp491_0f28a25e_ba92_4279_869d_b641e2f5c72b_BRCA,BRCA
samp492_cfc4c1bf_3dc2_495a_bb51_ad49c4137a21_LUCA,LUCA
samp493_12b633ae_2a36_40b0_a4a3_c1d5f021fa23_COCA,COCA
samp494_24bd476f_0f45_4aa2_b88d_2f6473b0b68f_LECA,LECA
samp495_a2f6777b_c1a4_4259_aebd_67fcdfd04e50_LECA,LECA
samp496_6394059f_8ec8_4fe7_80bc_3650c76b4499_BRACA,BRACA
samp497_3daeeb64_4231_46a8_b950_360fbdd908f3_KICA,KICA
samp498_7050a8f4_f7f5_41ba_9bda_942d369cf317_BRCA,BRCA
samp499_2a642915_0161_471e_8644_71ff9c303354_LECA,LECA
samp500_1352d361_6309_43a3_b77f_febfb94b5ef8_LECA,LECA
samp501_d6f4d029_ae8a_46c0_a0b9_06125e86c218_LECA,LECA
samp502_5fc33ea3_5008_4b88_b672_8358213db14c_LUCA,LUCA
samp503_422d6c65_7b79_427d_a8d1_f14f23eb4be5_KICA,KICA
samp504_1652b0a3_dc1d_4490_9632_07673713deb1_COCA,COCA
samp505_f0bc4292_6662_460a_8bf8_a3c9fa2fd7be_BRCA,BRCA
samp506_59f108c6_677f_4cf2_89fd_6bd15133dd6f_COCA,COCA
samp507_aab46c1a_188d_4286_9dbe_a998a736bfc5_LECA,LECA
samp508_040e40de_4c19_423f_98dc_151e2633d085_BRCA,BRCA
samp509_2cbc4d1e_8301_4ea5_b425_5b15588ff7d5_LECA,LECA
samp510_0f1b8440_4376_4861_a4fd_62511a819a97_BRACA,BRACA
samp511_791f994b_77e3_493e_adc2_1ecc2708987c_LECA,LECA
samp512_54a1fa84_a924_4984_9587_b4b4d7c8ec34_LECA,LECA
samp513_3a5c813b_6c47_49aa_916c_bcddbafdd54b_LUCA,LUCA
samp514_aeea81c2_afda_410d_a0bb_955e7cddda09_LUCA,LUCA
samp515_d296b21e_ee97_4cdf_aba7_c28cd65f8388_LECA,LECA
samp516_be10ae89_8bc1_4ef3_aae2_8e49379d8649_COCA,COCA
samp517_138b778e_054f_4964_bc60_d2cfdae81ce1_BRACA,BRACA
samp518_403cc11b_05e3_40e5_aed2_8d472ffcaa6f_LECA,LECA
samp519_d898474b_c4fc_4a33_800b_0ccce8b4b755_BRACA,BRACA
samp520_68375134_436a_4692_b80b_50dc39b94a94_LECA,LECA
samp521_1e037fde_c6a9_4483_8c4f_3ea4acb56822_LECA,LECA
samp522_31b96287_beeb_48dc_8424_e18544ac4b57_LECA,LECA
samp523_b77706ff_18b3_4734_8c00_b9928f8a3fe4_LECA,LECA
samp524_910e9cbd_e7bc_487b_bce4_586562b4605e_KICA,KICA
samp525_edc3dfbe_7937_45e9_8628_fc042e692d7b_KICA,KICA
samp526_e0d86de8_70b0_44ea_a286_7a6fa90987ce_LECA,LECA
samp527_baa021e3_ed59_478a_b182_d07e3b8f8672_LECA,LECA
samp528_367ce5cb_52f9_4c87_aaa3_2808fca08bef_COCA,COCA
samp529_602ac1fc_c8ad_4e47_988b_1e9e1aa3ce26_LUCA,LUCA
samp530_d801e500_f0c1_482c_a436_177c86e00623_LECA,LECA
samp531_6569076a_f592_4be7_bf8a_c866503c228a_LECA,LECA
samp532_6c5e72c6_18f8_4994_9574_56a429d12ac5_BRACA,BRACA
samp533_f39218c2_ec89_4534_bbea_a38ebd687852_LECA,LECA
samp534_1cb7f73e_af63_4d6a_b6a1_fe289435a93f_BRCA,BRCA
samp535_2447d6d6_4267_4dbe_ace7_45aaed75015b_KICA,KICA
samp536_eb8c25a9_db54_4957_b935_b64186d9d95e_LECA,LECA
samp537_b182111c_7028_42d6_a992_c81b76ddbc4b_KICA,KICA
samp538_5b99ff35_d986_419e_b75d_ae8a2c453c85_LECA,LECA
samp539_d342d71a_e556_401d_b17f_802d0d39e8c9_COCA,COCA
samp540_c243dd0c_d817_40f7_8794_e1bb3f6dd0e1_LECA,LECA
samp541_3c268783_cfb4_4e67_b392_54a1e5ed7966_LECA,LECA
samp542_27cef13c_e561_47ee_b8c2_fcf494658ddc_LUCA,LUCA
samp543_3ca2395c_b080_4307_aa99_c101fa435b10_KICA,KICA
samp544_b1313f95_b973_459f_8002_9b00ac7cbafe_BRCA,BRCA
samp545_7a7db25a_c977_4888_ad70_45eea7aa24ff_LECA,LECA
samp546_e14330a3_e8b2_4aa1_b7b6_cb977fb5ec58_LECA,LECA
samp547_7d2b6ff4_8f35_41cf_b078_3e78d0b81800_BRCA,BRCA
samp548_e7530ba4_3784_4bd7_92ba_4e58b397cff0_KICA,KICA
samp549_dcb157d4_0cad_489c_904d_27560c81aeb2_LECA,LECA
samp550_a2a798c5_3b1e_4192_8c6a_8c627cd0879e_BRCA,BRCA
samp551_b707621f_1f89_4058_be18_33020b9ebec3_BRCA,BRCA
samp552_4ecaed96_fe09_4ea1_9bba_081ababbc8d6_LECA,LECA
samp553_3a9fb423_debe_43e4_85b6_26133d237450_LECA,LECA
samp554_182e9640_6986_458b_84cb_0f89816864ed_KICA,KICA
samp555_0c68b587_a6a7_429f_968a_3ccd3a961f06_LUCA,LUCA
samp556_e6156110_7ffa_45a6_b6d1_7216a21836d3_BRACA,BRACA
samp557_4cc96a03_4717_465b_b0c6_dfb947ff3c5e_BRACA,BRACA
samp558_a224db04_2b87_4e93_970a_023d0be1558c_KICA,KICA
samp559_4f8b284e_7e42_45c5_b7cc_57cc678ec3df_LUCA,LUCA
samp560_c33ecc28_d5ba_4416_b93d_445b7883b6e8_BRCA,BRCA
samp561_e7ecb3a4_a955_4aba_a369_7c21e85779ab_KICA,KICA
samp562_d1dea496_436a_474a_b0c7_b3c70f8d4fcf_BRACA,BRACA
samp563_b8f33100_c35b_4695_aca1_e9d68dc064b5_LECA,LECA
samp564_745fddd7_e3d8_401d_95bd_2a8c45f65ac9_LECA,LECA
samp565_3b5d9bee_5e4f_4afc_b297_2f072ef18a93_LUCA,LUCA
samp566_e9ceef39_aec7_4fd3_bbac_7e6d9bff6eb1_LECA,LECA
samp567_f38c7f57_ccbf_45a1_8d91_635c893e5ba8_LECA,LECA
samp568_5ca88067_61ee_42e5_aa69_8e27187d3234_LECA,LECA
samp569_765b2b7c_4365_4998_97e6_24da6b76bc51_KICA,KICA
samp570_ab2da4c5_955f_4072_8021_6d2a617089db_LUCA,LUCA
samp571_8aaaa253_87d2_4292_aeb2_1b207b71abef_COCA,COCA
samp572_359a8505_d440_4491_b3b4_dccfa62ed665_LECA,LECA
samp573_661aca79_eff3_4c80_9855_5d4b54dca1c7_LECA,LECA
samp574_01f1cd8f_90da_4f54_9efe_a4ea78a037b7_KICA,KICA
samp575_748bc877_f3e7_4d78_afe8_6e90aaabc28a_BRCA,BRCA
samp576_27f1c64f_193e_4334_a5ec_a8f27bd15d93_LECA,LECA
samp577_a28f5aab_28cf_4029_889d_ee10b345a6ba_KICA,KICA
samp578_92b8ca96_0c10_4c9b_8aa2_bf18b427567e_KICA,KICA
samp579_857c31be_44ec_42bc_ba2c_5f17ac1d9a8c_BRCA,BRCA
samp580_4c4dea45_471e_4008_a99c_f438a0cc2e9f_LUCA,LUCA
samp581_acb208ab_def4_4b55_b1c7_abe2130e61c9_BRCA,BRCA
samp582_2ea5b654_8b53_4e39_8f1a_129a46474ae2_LUCA,LUCA
samp583_a7581a96_0b0f_4ff5_834f_57169c26ac10_BRCA,BRCA
samp584_8fa3359f_1e40_448a_aae8_a955c1ca3323_LUCA,LUCA
samp585_b4de9ff8_1ab4_4118_87df_8bea29fe3d29_KICA,KICA
samp586_f766816f_972b_4932_9a07_815b18a1d376_LUCA,LUCA
samp587_58d4f959_995a_4cc9_95ab_79a10dcdae35_LECA,LECA
samp588_4ae959fb_8f80_420d_91f1_1715e10a37c8_LECA,LECA
samp589_103bb2a1_5127_47fe_8384_fd5625170e7e_KICA,KICA
samp590_eee28603_f96f_47c5_acc4_b892dabd3611_BRACA,BRACA
samp591_45fa32f1_b35f_4033_876a_ff1e429eae33_LECA,LECA
samp592_56c858be_3637_4ba0_81be_208a3edac992_LUCA,LUCA
samp593_7d4feced_28e1_42db_beee_e2600f8308ca_LECA,LECA
samp594_a8ecd9a3_e7fa_434e_a354_3687962be98f_LECA,LECA
samp595_d3959d4a_9c86_4306_bbdd_d3a04664ba2b_LECA,LECA
samp596_32f5efb6_6503_420e_a187_0aa47955a351_LECA,LECA
samp597_156815c6_822f_4951_b1f6_71df641a5144_BRCA,BRCA
samp598_d377218c_5e53_462c_849c_4f463f9cc4c2_LECA,LECA
samp599_5642b796_d7c3_4643_9bf5_772178bb35d0_LECA,LECA
samp600_050de2d8_3ecb_4305_a5a5_4a8d4c4f44f3_LECA,LECA
samp601_89d8958d_7cc6_437e_9f0d_adc2110c5cca_BRACA,BRACA
samp602_453b8fcd_10ba_4ff4_8c58_2c43a93f5852_BRCA,BRCA
samp603_e90e482a_beca_4f4e_b703_ab88de0db5ff_KICA,KICA
samp604_9e275e85_1818_4c53_ac61_eff0f45d0055_KICA,KICA
samp605_22620634_aa34_4cb5_a37f_5a7b0c47cd0e_COCA,COCA
samp606_a506dc7e_af51_48ce_97bd_0ea6683c2cd5_LECA,LECA
samp607_4cd2eb99_b883_47e8_915b_b01b2556803f_LECA,LECA
samp608_96f0d70a_212f_45f5_a997_b392bea009cb_LUCA,LUCA
samp609_4121633a_ae10_43b6_a133_30efc9bc349b_LECA,LECA
samp610_02a50d1b_ff62_4936_a0ce_ac0e22a5b41c_BRCA,BRCA
samp611_fe5808ac_8fc8_48d4_b2c2_cf166f2174c1_LECA,LECA
samp612_89f2f554_2f35_480d_9f6e_2b28bb3f81cf_LUCA,LUCA
samp613_9a4caccd_ab60_45a5_a56c_30b9e8f6bf93_KICA,KICA
samp614_fddd9f63_f4af_46b9_9627_f69fcff845ed_LUCA,LUCA
samp615_40b404b9_cc48_4c9f_8206_61fc10e5674a_KICA,KICA
samp616_d38b6aba_7bfd_43f0_98f7_f669323e6da1_BRCA,BRCA
samp617_74932382_7e20_4d78_8de2_f33316e2981f_LECA,LECA
samp618_7fc1ca50_6520_4cb1_929c_4e7810665585_COCA,COCA
samp619_fd98e5cd_02ad_4b1a_840d_7539810518f3_LECA,LECA
samp620_9b43ea45_54a2_4bf8_8089_1f623c7143fe_BRACA,BRACA
samp621_506f5511_089b_401d_9e9d_887b5c6abcba_LECA,LECA
samp622_d0a10591_554e_4fa0_b15f_5281f7657b20_BRCA,BRCA
samp623_cf696163_f828_455d_a745_36718ecfc973_LECA,LECA
samp624_2553a422_8136_4fb9_95af_3ffafff2d223_BRCA,BRCA
samp625_499b6b79_5d1d_4146_b596_a2a8628e8c34_LECA,LECA
samp626_c469b31e_857a_4ac6_9a45_978c99391d9d_BRCA,BRCA
samp627_47eef62b_8347_474f_9202_13b67d3e2d95_KICA,KICA
samp628_084453b9_a998_4a0d_b879_c896955de433_LECA,LECA
samp629_5991af25_0b64_43d2_867a_6b9713b17af9_BRCA,BRCA
samp630_ec5cac4e_8ce0_4212_96d1_24e0f4ab3d7e_KICA,KICA
samp631_e0e050cc_5e2a_41fc_8394_b4816a9dc8a2_BRCA,BRCA
samp632_f77107b2_42dd_42c6_9b40_f5f24d18f6f3_KICA,KICA
samp633_b8ae4b22_83b8_4cbf_9d3c_49092b7e0903_LUCA,LUCA
samp634_e2374397_4770_4ae2_887b_b87ff15703ac_LECA,LECA
samp635_e34f26e1_7b66_43fd_9890_a99b77e71e46_LECA,LECA
samp636_40b36d81_da0e_4cbc_ace7_16627b834a1e_KICA,KICA
samp637_8dcd46b0_6bff_4a66_b27f_9329513cab48_KICA,KICA
samp638_e4e983eb_2aa3_4858_b67f_9cc70452768c_BRCA,BRCA
samp639_c6ceb314_3ced_4887_8693_4d0960977466_KICA,KICA
samp640_5d509130_5ef6_4669_87c6_709dea47db8a_BRCA,BRCA
samp641_500f24e0_a5fd_4349_bf8d_cd66d8aaec20_LECA,LECA
samp642_4f709f4b_3140_47be_b55a_7713062545e9_COCA,COCA
samp643_5c1d9af2_e798_4e2f_83af_05c27225e3e0_KICA,KICA
samp644_3954717e_89b3_4dd0_997e_9fdde4dd4a40_LUCA,LUCA
samp645_5020d5e7_30d9_4249_b582_3448db799036_LECA,LECA
samp646_90ab8f48_cdb6_4e2d_a728_7d62661cac19_KICA,KICA
samp647_a59f93e6_7578_46ee_bf3a_38bb104d5f8c_KICA,KICA
samp648_5be6be6f_9730_45a5_943c_0a79ceebc42a_LUCA,LUCA
samp649_50108c12_718c_48fc_8f76_23ce0c13e2e6_BRCA,BRCA
samp650_b1883b15_b002_43c1_a94c_bb68d6ff3091_BRACA,BRACA
samp651_8a9cb451_9e22_4d13_9686_b1126258ea76_KICA,KICA
samp652_14026b81_9264_4a6e_a43d_66f45b37a95d_LECA,LECA
samp653_c376e507_0db5_438f_a242_5538a56dc29a_KICA,KICA
samp654_2aa27581_f5f4_40cf_a8fc_15e03705dda1_LECA,LECA
samp655_ee0c0e7a_05ec_404d_babd_5d51b71da9c1_KICA,KICA
samp656_1e473e62_d679_45be_890c_77c52a3e7d47_BRCA,BRCA
samp657_29c49da8_3d12_425d_abe6_de2be5e6807f_COCA,COCA
samp658_011ccd6c_529a_4529_825d_ba024c13098d_LUCA,LUCA
samp659_f98af127_bea5_4c97_bc7f_859d7921e4ad_LECA,LECA
samp660_46737a37_49e8_4320_92b7_16793c54fb92_BRACA,BRACA
samp661_f1045544_bdf3_4748_88d4_72be6540ea91_LUCA,LUCA
samp662_067ab59c_3183_4b82_8dfa_1095d065efc0_LECA,LECA
samp663_1d6a3105_dca4_4421_9717_6d3518e90d54_LUCA,LUCA
samp664_1b32ed8c_74eb_4b2b_8383_fb090bdbcd17_BRACA,BRACA
samp665_b41b255d_ae3f_46c5_9246_0a35559e90cc_LUCA,LUCA
samp666_20f3b824_5746_40fe_bc2c_7d9ce1fbb714_LECA,LECA
samp667_4a044649_75ac_4fb6_bb18_f7bbd6618444_KICA,KICA
samp668_b1cc3179_9805_4e71_954e_5871c162dde2_LECA,LECA
samp669_b3207d32_809b_445d_b143_1ce9d8aad2f2_LECA,LECA
samp670_4564496a_31da_4537_abe0_5b3f2455ed13_LUCA,LUCA
samp671_05496050_e512_485a_b575_8e876faba391_KICA,KICA
samp672_fe5832d5_4e3e_4f0a_b31d_1c3f97fa821f_KICA,KICA
samp673_51efde36_1dbe_4f90_82f4_0f0280e47b24_LECA,LECA
samp674_d635a6e8_ecb3_4f9c_a56a_af1d0c714d7a_BRCA,BRCA
samp675_b860d6fe_ca15_4f58_9617_beea194d2129_LUCA,LUCA
samp676_98b03821_8f05_494e_9e5a_2a550e4e66a1_LECA,LECA
samp677_7b071adb_6813_497d_bfc6_423b2c9d231b_LUCA,LUCA
samp678_42308fb1_1b7a_44ea_8f73_2dcc503f4ef3_BRACA,BRACA
samp679_b9d6b838_e8da_4835_b0a4_4b4e08007ec2_LUCA,LUCA
samp680_b30a2d76_0fbd_4ef6_9358_ecff487a453e_LUCA,LUCA
samp681_e8d37393_14b4_48ef_8574_0027d4ec4516_LECA,LECA
samp682_9ac3cff3_94ef_4f22_925e_fe949693bbb6_LECA,LECA
samp683_c1a77efd_9335_460b_9af7_c47cc87702e7_LECA,LECA
samp684_96403ed2_56f1_4400_9b71_38364e579bae_LUCA,LUCA
samp685_648cd526_57df_4ee8_a48e_02babbe7e5c6_KICA,KICA
samp686_a585711d_48a4_45bd_bb45_f9d2a7717af0_LUCA,LUCA
samp687_d372fdcf_a087_4773_880a_169ecc0d1fd0_BRCA,BRCA
samp688_88441590_9b57_4996_ad33_bed2f2a45174_LUCA,LUCA
samp689_4a967e6f_d39a_4fe5_864b_a43e8184a852_LUCA,LUCA
samp690_7c7ed348_b6bb_4ae2_a682_eab5e4dc38c5_LUCA,LUCA
samp691_db5dab56_838e_4784_a7cf_f05296e356f7_BRCA,BRCA
samp692_cefdd341_317f_47dd_811e_21f744fd66e9_BRACA,BRACA
samp693_a7b067c9_a62a_4d3d_8c4e_668830f7441f_BRCA,BRCA
samp694_0875b60c_0a69_475b_9010_6b47cac821c8_LECA,LECA
samp695_4990f4b4_13b9_4646_b860_83980486e6b5_LECA,LECA
samp696_29000c50_6667_4281_a97a_5f02cb24a8f4_LUCA,LUCA
samp697_d54e5deb_609b_40df_a9a6_0b74d782b6d1_LECA,LECA
samp698_616616ea_1328_47c7_bcf3_d025cda4e51c_LECA,LECA
samp699_91b22fd4_4b09_4b8c_9ee6_08c66b8ad324_KICA,KICA
samp700_6047cae9_112a_48b3_abbc_d82e9073c4c2_LECA,LECA
samp701_68501d30_5b6d_4f20_8a8d_dc0590467f6f_KICA,KICA
samp702_7b1ab337_54a7_458a_9385_12e5a4fe9d02_BRCA,BRCA
samp703_4832ac16_e2d5_4405_9162_91ccc55fef6c_LECA,LECA
samp704_0f0da7c5_9992_4e81_adc2_3bdd33597545_LECA,LECA
samp705_cdbc6d96_7ec7_404e_8fc6_548738185379_LUCA,LUCA
samp706_74fda056_35d6_4573_b308_778f43bbd50e_KICA,KICA
samp707_8f45c6c4_b98d_4e0b_9bb0_b5be3894076d_COCA,COCA
samp708_c03bacb2_25ab_488a_b2df_1eaa34fd75fa_LECA,LECA
samp709_f6108b9b_e02f_4608_bec3_bcc0112d05b4_LUCA,LUCA
samp710_adc88e24_63ac_4ab8_bae2_77c1f1bef50a_LECA,LECA
samp711_852508b0_5a5e_4730_8c70_6aabc0aa88be_COCA,COCA
samp712_936b0acc_2f32_4d37_bdae_6246be4fe0d9_COCA,COCA
samp713_068ba2ae_288c_446d_8d17_72445ce4f788_LUCA,LUCA
samp714_db555272_4a62_47b7_9086_9623f688b1cf_LECA,LECA
samp715_33527fe8_7215_45bd_8520_b290995b839d_BRCA,BRCA
samp716_d453ad42_35f0_4942_a69c_e7a91470612d_LUCA,LUCA
samp717_3d6190d3_a73e_4682_a06f_368b657176c6_LUCA,LUCA
samp718_d416256e_6d61_442d_b82d_e66decf8122d_KICA,KICA
samp719_a0a768ff_bf05_4d87_8f7f_5225ebacb2bf_LECA,LECA
samp720_4758c927_7adb_4a73_a873_309098e81305_LUCA,LUCA
samp721_2e809156_fef5_49ff_b9b0_09912cc7e3a9_BRACA,BRACA
samp722_a7999e11_7c13_40b9_ae00_8bf6e367605e_LECA,LECA
samp723_1ed40291_28a4_4d92_b494_f6393945db5a_LECA,LECA
samp724_a37efe02_9662_4b90_8251_003ccb96aed4_BRCA,BRCA
samp725_73f7a8d2_ad85_4e36_bb24_68ce71d03adc_LECA,LECA
samp726_f07b7c4c_5f30_4c51_9eb1_4f873ad49c56_KICA,KICA
samp727_2f93d52a_e8ab_454b_ae76_74b35cd561da_LUCA,LUCA
samp728_039f9374_b1c9_45aa_b708_5e77215ca881_LECA,LECA
samp729_f1d01b35_7a63_48c1_82ae_a9684906ef65_BRCA,BRCA
samp730_f78467d8_2869_4070_9f34_e2d1486fbbfb_BRCA,BRCA
samp731_38883af5_17c5_472e_8593_407ff2890829_LECA,LECA
samp732_75889413_6b79_4fea_bf9f_d74cc9ba3a83_LECA,LECA
samp733_4250878d_ba0b_47e1_96c6_f2331f93ce37_BRACA,BRACA
samp734_2a05b2c0_f94d_4c07_889a_def7131895bd_LUCA,LUCA
samp735_fdba2ef1_3bca_4e5b_ae6a_9d1eb49f3ff9_LECA,LECA
samp736_ff3e0fdd_f4ad_4c88_873f_876463888871_LECA,LECA
samp737_a9cfc5cd_29ea_43ca_81a8_3a2b8f467cef_LUCA,LUCA
samp738_7c1f22be_3f25_4ac5_afe8_309341e3eeef_LECA,LECA
samp739_8e4be1f8_ad8b_48eb_b537_3bd2609f4931_LECA,LECA
samp740_7ab8de30_a578_4c6d_a88b_190581a8b3fe_LECA,LECA
samp741_7840816b_ff3e_4f03_bed7_55e000cf786c_LECA,LECA
samp742_075bfa9c_0354_4fcc_9fa0_28961f5625b8_LECA,LECA
samp743_3fa3af13_58f0_4c5b_b009_f6f936fb07b5_COCA,COCA
samp744_471928e5_cd08_49a8_ac79_cb8180218b6f_LECA,LECA
samp745_4a8f329c_c0b8_420d_b173_22011afee97b_LECA,LECA
samp746_f02147f9_67d8_49bc_a565_703bc71842e0_LECA,LECA
samp747_e17f48eb_185f_4045_b650_8c760d37f9a1_LUCA,LUCA
samp748_6cd5c5b6_111a_4440_a696_3e2371734cd7_LECA,LECA
samp749_c42bc86c_11ae_4b1b_b281_dfdd2e2250a6_LUCA,LUCA
samp750_dc770048_a3fb_4e86_84bb_3095d04e5823_BRCA,BRCA
samp751_e6906d80_1feb_42c1_abe2_846fb4883e10_LECA,LECA
samp752_9f97eefe_7a72_4e92_8085_74306d370d79_LECA,LECA
samp753_1742c1d9_a359_4d9e_b1e4_1d162472e67a_BRCA,BRCA
samp754_215e0f4b_669e_434e_bffc_5c06d3260e59_KICA,KICA
samp755_9e0e20e0_dbc3_4d11_9966_87907ce1a500_LECA,LECA
samp756_d0edd98e_1fed_42e5_a8dc_632d03d02d65_LECA,LECA
samp757_1e409782_57e3_42ab_8952_678a4cdb6b2f_COCA,COCA
samp758_b3775e45_a320_4a62_be86_ff27811e6e07_LUCA,LUCA
samp759_4ebec7e0_8377_4c46_b153_d7b084aa7cab_BRCA,BRCA
samp760_0476562e_e1f1_4864_b711_76e5ff5431d4_KICA,KICA
samp761_b1266a2b_79a8_41fb_b79b_8425efc74575_LECA,LECA
samp762_5a2fb8ba_a509_4216_83b5_174c1ee94c17_BRACA,BRACA
samp763_d703553b_bbd2_46c5_8293_c7251e806989_BRCA,BRCA
samp764_c24618ee_27b7_4760_99d1_fa9b338f05c4_BRCA,BRCA
samp765_6b633030_3410_487b_ba7a_5b6956088ebb_KICA,KICA
samp766_6db5b8d7_ba5c_4a7b_98f9_de0aef97a9c0_BRACA,BRACA
samp767_325f91c9_70b9_4285_a7ff_0b7b6280a8ed_BRACA,BRACA
samp768_4a4d2e69_bfaa_44d3_b4a6_4226ea4e3df5_LECA,LECA
samp769_9f519b58_d50a_40c3_a010_11aea976bab6_LECA,LECA
samp770_8a2ea24c_bfc6_4312_af23_3cb33d6dc5cf_LECA,LECA
samp771_45cf5e08_ba9a_4ee7_b00c_b531ab7b4f28_LUCA,LUCA
samp772_75206eb0_b667_443e_b3b6_e2527a831a0e_KICA,KICA
samp773_27f20469_cbf5_417f_922a_19cf9e8b790c_BRCA,BRCA
samp774_f62519fa_7479_4e20_9ae4_d57f8a1e0e64_COCA,COCA
samp775_dce9a213_293c_475f_8cdd_68146abd8269_BRACA,BRACA
samp776_37333883_1fbf_43ae_a840_7abb65d9458d_KICA,KICA
samp777_432a3dda_cb0a_4d72_8cb1_90d625cc1caa_BRACA,BRACA
samp778_3d2f1ace_a9d6_46b8_b76b_a9b58d56a837_LECA,LECA
samp779_290ad2c0_6aeb_4eba_b3e7_fc47e8bfbdce_LUCA,LUCA
samp780_6d0bcf3c_1740_4527_8e15_b0c9c66158aa_KICA,KICA
samp781_aac65d2c_602b_4cfc_aaf8_6f731533c4df_LECA,LECA
samp782_f3184265_50a1_4d5e_891d_156a2994da1d_LECA,LECA
samp783_d5926b71_692e_4b6f_a7e1_8b5afdd745c6_BRCA,BRCA
samp784_18ecaf97_8c5f_4aac_9ea7_372a7d8162c3_KICA,KICA
samp785_2f48e51b_e4c5_4037_a472_2554024dc808_KICA,KICA
samp786_c4779698_5c81_4eed_80ac_80fdd47f658b_COCA,COCA
samp787_8a5dc9a8_f555_463a_bf9e_c5c173be7a3f_LECA,LECA
samp788_5383803f_baa4_42b4_a095_8fa5edfe1e8a_LECA,LECA
samp789_15e83dc5_b666_4236_b94a_595e17f1a2b0_LECA,LECA
samp790_3562d885_15d7_415a_bdf7_731c8bbae36b_KICA,KICA
samp791_2b3f591a_b826_4a4e_999e_1cf50172e56d_KICA,KICA
samp792_1d9d65b8_5af4_40e6_a01f_236f45cfecb4_BRCA,BRCA
samp793_f18e4f29_844f_4cec_ad36_0ebe9491ed3d_BRCA,BRCA
samp794_83c9a6d9_eb15_4393_98a2_9998992f7ed0_BRACA,BRACA
samp795_37026f48_802b_4f75_a8b7_248d9be44daa_LECA,LECA
samp796_5d5937d5_7e5b_41b4_bbfe_fa26086b7dd2_KICA,KICA
samp797_a2aeea1d_ef6d_46dc_9bcb_c3e735fc798c_LUCA,LUCA
samp798_cfc94988_f463_4d29_8c4b_96106607e7f7_BRACA,BRACA
samp799_7e897889_4ef7_4ba8_b118_6f0f81840126_LECA,LECA
samp800_6e57f7b0_a3c6_4d46_ae9d_44d6a26a82a5_KICA,KICA
samp801_83ebfc77_06e4_47e2_a2fe_7b3bfae0ed16_LECA,LECA
samp802_66053d7d_d3e1_417c_8fdc_6b4b69f50a04_BRACA,BRACA
samp803_c0a09c2b_2e88_4e24_93a1_469aba247788_KICA,KICA
samp804_facad82f_1a6a_4567_80a8_6d0460b83862_LECA,LECA
samp805_30a67cbd_940c_40c4_9f86_a8ba9fe63177_BRCA,BRCA
samp806_7240b603_09cb_4a39_9594_87392b354255_LECA,LECA
samp807_63af1588_387b_44a7_97ed_4f73559347c2_BRACA,BRACA
samp808_3f492a04_12ca_4dd8_a1ee_aac7d7fc838a_BRACA,BRACA
samp809_8a7a2dda_c92e_425c_9c18_5f50aaeba203_BRCA,BRCA
samp810_b605621a_61c1_4542_b6c7_3f4729e68b9f_LUCA,LUCA
samp811_45369480_8c9e_4fbd_871f_7f6b4e0cd682_LUCA,LUCA
samp812_6058db39_8257_44ee_8f84_da07a7bef000_LECA,LECA
samp813_26a77787_2a38_4745_94bb_949dabb2b902_KICA,KICA
samp814_0406d0f2_5c89_4aac_9ade_4c001eeaaaf6_BRACA,BRACA
samp815_36488cf7_6e9e_4464_b331_5a4cf79030b7_LECA,LECA
samp816_fc991e3e_2254_4c4b_bf88_2115807b1801_LUCA,LUCA
samp817_420197bd_db07_4df9_8f72_3d7d509ae1d0_BRCA,BRCA
samp818_8f647ba2_029b_44b3_b51c_3bd006ebe14d_KICA,KICA
samp819_f1600b0c_f3ac_4c19_8c43_6af450abb6a3_BRCA,BRCA
samp820_78770a19_945a_4b1a_a02c_7794b9e29080_LECA,LECA
samp821_b64cfe7e_b83f_45f5_9d9c_f0603d7db284_LUCA,LUCA
samp822_131c0149_e810_4004_97e0_6c8a4aa9049d_LUCA,LUCA
samp823_53592ea4_c647_457d_87f4_2532bafa8810_LECA,LECA
samp824_98930097_4cce_4750_8839_156d1075d6ca_LUCA,LUCA
samp825_45ab4192_f1bb_46cd_8e85_c2341d67642f_BRACA,BRACA
samp826_fc15d209_f3fc_46b6_b3a2_942b233bd197_LECA,LECA
samp827_92a613dd_4173_4b45_b9b4_8178d0eadc08_LUCA,LUCA
samp828_b48180c5_ca6e_484c_9005_97ac138f0cc5_BRACA,BRACA
samp829_4848c180_254b_4b08_977d_872aabfaee29_LUCA,LUCA
samp830_580f87ac_117b_43b5_ad56_f3554b0726ff_LECA,LECA
samp831_767fc312_2c66_43f7_b78e_bf79e03e3a0a_COCA,COCA
samp832_92a16636_2301_47b4_b43a_1897b42e9227_BRACA,BRACA
samp833_21466df8_e5a3_4100_b288_952d50a4f0af_LUCA,LUCA
samp834_155e6d67_2aa5_4a49_8859_123f23097162_KICA,KICA
samp835_e48c3846_2a5b_40e3_9012_2d70e5925d68_LECA,LECA
samp836_805f1dee_2182_4071_bb94_92d8aa7a9f47_KICA,KICA
samp837_7686441f_bbb2_4130_8e10_8bdedc8972e9_LECA,LECA
samp838_fb5f0118_87fb_409f_89d8_9bd9f06867b9_BRCA,BRCA
samp839_60416b5c_d970_4ca8_ae6c_1aebf3bc53cd_LECA,LECA
samp840_13cc2a80_d6fe_49ff_9868_c9eac6df3c5e_BRCA,BRCA
samp841_f82540cb_5394_454c_b97a_23e36e7ebe07_KICA,KICA
samp842_be971158_ffec_4142_afc3_4ea3164fa86c_COCA,COCA
samp843_1532733a_296a_48b5_96c3_cd0a277fc3da_LECA,LECA
samp844_dde91732_79b7_41e6_9dc0_49037e9e9436_KICA,KICA
samp845_b88ddc49_d868_4ec2_8fbc_8b2f3ef10e10_BRACA,BRACA
samp846_f3897613_9474_4694_97da_6f67fea325cd_KICA,KICA
samp847_81689459_967b_4096_935d_fcd0caf7fd3a_BRCA,BRCA
samp848_9822383d_356b_4a45_96a2_2826d09bc332_BRACA,BRACA
samp849_748a157e_c150_49f2_9cf8_dc07852f1d7d_KICA,KICA
samp850_33e0a8b2_3e7e_46da_b5ef_76463308d3b9_LUCA,LUCA
samp851_07d93377_83e5_4e1a_a0ad_7cb745fa4595_LECA,LECA
samp852_fc109d68_5678_4ba3_b531_3b1e36caf641_LUCA,LUCA
samp853_89b5ed3c_3a44_4e0b_8258_02290c6c5abe_BRCA,BRCA
samp854_65f730e2_b2db_4d88_9805_0c4e37c7fa63_KICA,KICA
samp855_1242306f_8535_4558_8236_8acca7a33eff_BRACA,BRACA
samp856_1e0cabf4_e813_4246_9879_5902a0cf6a9d_LECA,LECA
samp857_58369b53_786a_49fb_879c_8395f94bf125_COCA,COCA
samp858_0326e97a_2ec7_4038_98f3_03d94962d869_LUCA,LUCA
samp859_5842a066_d158_474e_a4db_034f5797d865_BRCA,BRCA
samp860_09e36262_1093_4185_9294_3653b528096e_COCA,COCA
samp861_f3fbba09_45a4_4a2e_ac0a_781eb383d313_LECA,LECA
samp862_f3e4e86c_1c2f_42da_889a_ee552aa8051f_LECA,LECA
samp863_392b3f33_b57d_4751_a01c_4d6748106917_KICA,KICA
samp864_cec407e2_0631_4d38_81e2_87e726c5754d_LECA,LECA
samp865_114fb96d_d185_4c24_bcb4_0aef35480a31_LECA,LECA
samp866_2c10534e_5fb7_49b0_8f57_584cb31f3a08_COCA,COCA
samp867_cf0ed49e_3dbe_4480_aa10_f16af2e28229_LECA,LECA
samp868_3d6598cf_048d_444c_b526_284d5404ae5f_LECA,LECA
samp869_b0f01acd_4031_48df_9db2_2a966018fcab_LUCA,LUCA
samp870_3e1e3452_6759_4ddc_8ee4_c3e79cfa27ee_LUCA,LUCA
samp871_329d5549_e3c2_4929_a64f_3a02872c3ecf_LECA,LECA
samp872_d1ad6c3b_4e2a_40cd_b3e6_098b845d59cb_BRCA,BRCA
samp873_73410a3c_41e8_48f1_a320_ab61d94b58e7_LECA,LECA
samp874_2057be20_05b1_4338_ae63_7b727ab9c23c_KICA,KICA
samp875_22002e84_1d7a_4f93_9934_9d74f45195c0_LUCA,LUCA
samp876_2c9f571c_d4c1_4cd3_9f76_3fccf3c0c509_BRACA,BRACA
samp877_4b6c958a_7e20_4b88_b30a_2406b123c8c1_LUCA,LUCA
samp878_5314d219_33b3_49f7_bbf6_08b9236f03cc_LECA,LECA
samp879_80afd34a_fc20_46be_85c5_088951628194_BRCA,BRCA
samp880_f1e96fa3_8de2_487d_a026_f65d212a520e_LECA,LECA
samp881_fbd81adc_aa56_4cde_b1f2_e749e2cbf653_LUCA,LUCA
samp882_557c4895_d5f3_4005_abcd_84dafb75f992_LUCA,LUCA
samp883_66941b24_9c8f_4657_a4eb_8cc267e38bdc_BRCA,BRCA
samp884_c6142201_fce9_4532_9039_0e6d589a4586_LECA,LECA
samp885_47b0ec16_d440_4400_991f_81793639324f_LUCA,LUCA
samp886_c73ab91a_15c8_40f0_8e72_1544ce3f4b6c_KICA,KICA
samp887_a411dbfc_0854_4e3c_9aed_42402f358654_LECA,LECA
samp888_cb34d915_1b13_4c29_ac2b_743ea3ea78ec_LUCA,LUCA
samp889_eb54b8a1_6129_4366_9ec4_6dc31f71442c_LECA,LECA
samp890_30d5bd02_e7d9_49f0_af23_6ae0986e0fe5_BRCA,BRCA
samp891_3bc40056_88b6_483c_8701_747eb6e851c4_COCA,COCA
samp892_0f1cbf15_e72d_4f00_9578_51d9dace47fd_LECA,LECA
samp893_4ce33e64_f812_4935_adac_ce4d6b030169_LECA,LECA
samp894_d0ee5ff7_a49a_4633_93a6_40c9e29fb0b7_BRCA,BRCA
samp895_b5d13ab2_98a5_43dd_8cef_c22aec227722_LECA,LECA
samp896_1cf4bb56_75a5_40b5_98c9_bc9fef2ebecb_KICA,KICA
samp897_ba34ebb7_142c_4b38_a488_98a7b7ed5e3f_BRACA,BRACA
samp898_888c0516_a1e7_46c4_a206_cc185cabca4b_LECA,LECA
samp899_8c7e56ee_6856_449c_a619_db32d5b33d4c_LECA,LECA
samp900_de7c2ca2_a0cc_43c2_87c1_798a24380035_LECA,LECA
samp901_ad1ad419_8d25_4057_b0a2_84327b1c8f4b_LECA,LECA
samp902_97de0ec6_cb1d_447e_8b15_cef454727120_BRCA,BRCA
samp903_005dd5c0_28dd_47cf_b215_de393011968c_LECA,LECA
samp904_bcf3c6f7_d06c_45f4_ac8e_fee816623dfa_BRACA,BRACA
samp905_f3bf4152_5e1d_42d2_920e_9dfbe2e0dbc5_LUCA,LUCA
samp906_2b4ee053_96f0_467d_9873_d4de666c4200_KICA,KICA
samp907_e583cd71_1e93_4573_ab44_8c12891e4eb3_LECA,LECA
samp908_c98940e5_aff4_4eec_9cd7_708584356a5f_BRCA,BRCA
samp909_74a73d7b_6831_4d04_97b0_6d1bee9804e4_LECA,LECA
samp910_1f27c0f9_de4f_4c7d_be0c_677eb649c10e_LECA,LECA
samp911_3fe12cfa_5042_4625_ac9a_c1be80013643_KICA,KICA
samp912_e897fbf5_d0d5_47ae_9141_8df7d6d66a56_LECA,LECA
samp913_874e0ac8_441c_466e_9c1a_1719683c0f64_KICA,KICA
samp914_725c9ca0_31db_4dda_ac6d_9be7565e7cfe_COCA,COCA
samp915_9e4ed2a3_37f6_4c7c_9a4b_c8799184eb7f_LECA,LECA
samp916_d2a7bee8_f837_4e11_ae63_2c9a4ebc7899_LECA,LECA
samp917_fe69f63c_b833_4e72_8a71_dd371cde6ede_LECA,LECA
samp918_43c116d2_d73c_4b3f_be49_4262155685b7_LECA,LECA
samp919_ac792e04_54f4_4c6c_9cb5_23a7c1a4ed0b_BRCA,BRCA
samp920_6721aae5_9352_4b46_a865_05e15f261223_KICA,KICA
samp921_d3cfb40a_d28c_4202_9fc7_2569dfdd64d7_KICA,KICA
samp922_0a0f1f44_4127_4281_9ba3_920feb5e4e57_KICA,KICA
samp923_9ca22f6c_326b_4844_8e7d_fb076c7e1067_COCA,COCA
samp924_33be0ad1_6e17_45ab_8577_cecbe1e14f5a_KICA,KICA
samp925_673ab33f_e0ff_4e01_90ee_970fc6e7b7e1_LECA,LECA
samp926_9f3c0f5e_0587_48de_a349_ec0ca7c6a2a9_LECA,LECA
samp927_6765ea22_1463_4638_83e3_5832b8cd658d_LECA,LECA
samp928_06a9adb9_0cc7_4e06_abbe_894f1883ed9f_KICA,KICA
samp929_8215e3ed_ca48_4f0a_8dea_3a10bfef0900_LUCA,LUCA
samp930_3bb49b86_7276_45ad_9aee_88de3a8495b2_KICA,KICA
samp931_bef06091_4b41_44e3_867f_5234f9cc5c49_LUCA,LUCA
samp932_3dbd2f88_df15_4d4f_a0d9_70527eaf721c_LECA,LECA
samp933_675732d7_23c5_436b_b21a_104081feb1be_BRCA,BRCA
samp934_82d0c93d_8b1e_413e_9a5f_ae400884bfcb_LECA,LECA
samp935_17efe3f1_a97a_4e26_b28a_98702fd3c42b_BRCA,BRCA
samp936_a22f3311_3ca0_4a22_986a_63b802fa8683_LUCA,LUCA
samp937_47990394_36a3_4cdf_a6c6_8d9d78bac5b1_BRACA,BRACA
samp938_8e6af4b0_1242_4d20_a0e0_9f7cbb04f116_BRACA,BRACA
samp939_a2af68d8_5013_4450_9411_2b0d3c72eeaf_LUCA,LUCA
samp940_cf4160bb_9ef4_43c1_ac83_f6ca897101ee_BRCA,BRCA
samp941_84595c09_6f85_4a1d_98fa_7d9bc9dc2c28_LUCA,LUCA
samp942_9935bf3a_de25_401c_bf1b_5225a62b24f7_BRCA,BRCA
samp943_7af19e4c_51db_46d8_a678_25dee51e1632_LECA,LECA
samp944_cabdc79a_8efe_4ddc_a256_854f9265bcda_LUCA,LUCA
samp945_36125e17_48fd_4eea_874c_ed2e2e218402_BRCA,BRCA
samp946_0b433208_001d_404d_988c_4ea9668208ae_KICA,KICA
samp947_942aa3d6_48c7_4236_b7e3_3f6474ea23a8_LECA,LECA
samp948_738ae4ab_2691_4028_97d2_5e3b03b4ed7d_LECA,LECA
samp949_eefa0692_7324_4871_a96b_442fb1a5a65c_KICA,KICA
samp950_09c892f3_21fc_40a0_89f2_8f1861042c0b_KICA,KICA
samp951_1576829f_87f4_4ed6_a019_9f98a563f4c6_LECA,LECA
samp952_834c081e_30e0_43e8_a8a9_9202927cbb56_KICA,KICA
samp953_2bbd3e73_3602_42bb_93b1_7c2863e180e6_LECA,LECA
samp954_61198127_4538_4570_be10_a77d6ee57da3_LECA,LECA
samp955_0dbfa70d_2a0d_41c4_aca6_b8df6394bb9c_BRACA,BRACA
samp956_6ac942aa_1b53_43d9_95cd_00c81230fe33_LECA,LECA
samp957_ffce7349_cdf4_48b0_9238_da324d638e95_KICA,KICA
samp958_63da1fd8_ca5b_494f_8625_4daf5f898f53_LUCA,LUCA
samp959_8a9124d9_17ba_4cef_b8c4_8b97cd9c128e_LECA,LECA
samp960_9264bdcb_e62e_4489_9037_28fb6ad0569c_LECA,LECA
samp961_13228736_e003_4431_a1f2_e108ee085b5a_LECA,LECA
samp962_26aaa31b_6432_48fb_b8f4_52258de57037_LECA,LECA
samp963_a21c0490_049b_4451_a714_89007edb62f5_LUCA,LUCA
samp964_0907bd49_d398_47d2_b295_7a7dc0c57c95_LECA,LECA
samp965_89721027_cb83_4756_9987_6365fc9e1432_LECA,LECA
samp966_0915bd7f_dc1d_4a99_89b7_f897986a67ea_BRACA,BRACA
samp967_eb72558c_dc74_431e_a193_3eb643a37092_KICA,KICA
samp968_65f9ba2e_842f_475b_92c5_8867724871b4_BRACA,BRACA
samp969_432dca74_2296_459d_81a3_1e255d45178a_LUCA,LUCA
samp970_e0e9a0df_7052_4d42_b3fd_10ee23ceae62_LUCA,LUCA
samp971_cbd11e4b_dccd_4881_aa6f_9c6bf2c0a213_LUCA,LUCA
samp972_8b78bae0_7f22_47d9_8e1e_addfa0fc19f6_LECA,LECA
samp973_fd713184_4bb4_4e1b_a3b8_636273ee6ccc_LUCA,LUCA
samp974_4a367f57_4ec4_42d1_9923_df07ab9b61ee_BRACA,BRACA
samp975_fd618c1b_e230_408d_aed8_4ad6df3fc4e6_COCA,COCA
samp976_2f002e5c_36d9_47df_a25c_9a1b9a25136d_KICA,KICA
samp977_c4f1a2b9_9d56_4e63_9ca7_7e87db1cb3b1_LECA,LECA
samp978_d05fbbb4_5d10_4384_af18_e8dc5536adc5_LECA,LECA
samp979_aab4bee0_b7a4_4671_b7e3_e11f11abe0e7_BRACA,BRACA
samp980_1a0143ed_cd70_498f_b094_bc71b6921fb3_LUCA,LUCA
samp981_1ca4850a_5354_47ac_8f9b_a7b774c96217_LUCA,LUCA
samp982_396ea0cb_40bb_43df_b94d_d8e25a34a371_COCA,COCA
samp983_63d57102_26d4_48b7_9fd3_bb842f5e5328_KICA,KICA
samp984_f0600d4c_30b2_4713_a185_52c5f70dc970_LUCA,LUCA
samp985_ebc79b86_12cb_4a5b_b0e4_4d1017ef22f4_LUCA,LUCA
samp986_edb9d1d4_ac16_4d29_b741_e4f3483723a6_LECA,LECA
samp987_749da78c_968f_4682_a2fa_5c82ce35a98d_BRCA,BRCA
samp988_2df9a777_2408_42a9_bcaa_33f8395cb6d8_LECA,LECA
samp989_32f80517_a66d_4b2e_95c9_5346c0a4139d_LECA,LECA
samp990_f3946679_18ef_4b67_9ef1_9d2a6a3d318a_BRACA,BRACA
samp991_bbbd4ee0_0eb7_4e8d_8345_e9a453c66c0b_LECA,LECA
samp992_094bd5ef_b1ca_46c6_b717_2519e5a6151b_LUCA,LUCA
samp993_93353576_0a5d_45b3_9fbd_ee0deb11b4c0_LECA,LECA
samp994_bd4ca7de_b046_451a_8a07_722f9b913222_KICA,KICA
samp995_74451679_9e26_4093_ab49_d2f760bbe34f_LECA,LECA
samp996_f3f0919f_f9eb_4baf_aeef_c79fbafef237_BRCA,BRCA
samp997_65eb36b1_1124_4a5e_9f3e_a57583f86107_LECA,LECA
